{
    "width": 848,
    "height": 480,
    "intrinsic_matrix": [
        415.879150390625,
        0,
        0,
        0,
        414.8078308105469,
        0,
        420.31658935546875,
        240.41055297851562,
        1
    ]
}